TN201234,Latifa,Damian,middlename,Latifa.Damian@some.com,08034567890,,0034567890
TN201235,Joy,Dark,middlename,Joy.Dark@some.com,08034567891,,0034567891
TN201236,Soy,Arrow,middlename,Soy.Arrow@some.com,08034567892,,0034567892
TN201237,Roy,Green,,Roy.Green@some.com,08034567893,,0034567893
TN201238,Boy,Felicity,middlename,Boy.Felicity@some.com,08034567894,,0034567894
TN201239,Jin,Smoke,,Jin.Smoke@some.com,08034567895,,0034567895
TN201240,Jaga,Spider,middlename,Jaga.Spider@some.com,08034567896,,0034567896
TN201241,Fray,Cyber,,Fray.Cyber@some.com,08034567897,,0034567897
TN201242,Broos,Crime,middlename,Broos.Crime@some.com,08034567898,,0034567898
TN201243,Brass,Nogood,,Brass.Nogood@some.com,08034567899,,0034567899